"width",2625,,,,,
"height",1076,,,,,
100,"vendor","ETHICAL / FIELDCREST",9,718,62,244
101,"vendor","TROPICLEAN",9,620,62,98
102,"vendor","A&E CAGE COMPANY, LLC",9,444,62,176
103,"vendor","ZIPPY PAWS",9,346,62,98
104,"vendor","PET AG, INC",9,286,62,61
105,"vendor","TRIUMPH PET",9,145,62,141
106,"vendor","FIBERCORE, LLC",9,85,62,60
107,"vendor","DOG E KATZ INNOVATIONS, INC",130,141,62,67
108,"vendor","VAN NESS PET PRODUCTS",130,208,62,79
109,"vendor","WORLD’S BEST CAT LITTER",130,287,62,80
110,"vendor","CHARLEE BEAR / WIXON",130,367,62,79
111,"vendor","GRANDMA MAE’S COUNTRY NATURALS",130,446,124,60
112,"vendor","TREATIBLES",130,573,62,61
113,"vendor","ROAM PETS",130,634,62,61
114,"vendor","ALASKA NATURALS PET PRODUCTS",130,695,62,61
115,"vendor","BLUE RIBBON PET PRODUCTS",130,756,62,79
116,"vendor","LEATHER BROTHERS",130,835,62,79
117,"vendor","BIL-JAC",130,914,124,62
118,"vendor","CENTRAL BRANDS",192,573,62,341
119,"vendor","ZOO MED LABORATORIES",192,367,62,79
120,"vendor","REDBARN PET PRODUCTS, INC",192,269,62,98
121,"vendor","SPECTRUM BRANDS",320,141,62,244
122,"vendor","MIDWEST HOMES FOR PETS",320,384,124,121
123,"vendor","PETMATE",320,854,124,122
124,"vendor","BENEBONE, LLC",382,775,62,79
125,"vendor","PAWS ALCOTT",382,707,62,68
126,"vendor","HEALTHY PET",382,627,62,80
127,"vendor","FLUKER’S",382,573,62,54
128,"vendor","SUNSEED / VITAKRAFT",382,288,62,97
129,"vendor","PREVUE PET PRODUCTS",382,141,62,147
130,"vendor","SHAMELESS PETS",511,141,62,97
131,"vendor","STARMARK",511,238,62,50
132,"vendor","CLOROX PETCARE PRODUCTS",511,288,62,79
133,"vendor","SNUGAROOZ",511,367,62,78
134,"vendor","COASTAL PET",510,445,124,60
135,"vendor","PETIQ",510,621,62,86
136,"vendor","ASTRO",510,573,62,48
137,"vendor","EXCLUSIVELY PET, INC",510,707,62,50
138,"vendor","EARTHBATH",510,757,62,48
139,"vendor","KONG COMPANY",510,805,62,110
140,"vendor","THE COMPANY OF ANIMALS",510,914,124,62
141,"vendor","BEST BUY BONES",572,854,62,61
142,"vendor","WALK ABOUT PET, LLC",572,805,62,49
143,"vendor","CARLSON PET PRODUCTS",572,774,62,31
144,"vendor","PUREBITES",572,744,62,30
145,"vendor","PETSPORT",572,663,62,81
146,"vendor","VIP PRODUCTS",572,573,62,90
147,"vendor","AMERICAN WOOD FIBERS",572,367,62,78
148,"vendor","CANIDAE",572,287,62,80
149,"vendor","MARS FISHCARE (API)",572,208,62,79
150,"vendor","OASE LIVING WATER",572,141,62,67
151,"vendor","KOMODO REPTILE",700,141,62,62
152,"vendor","MULTIPET INTERNATIONAL",700,203,62,90
153,"vendor","UNDER THE WEATHER",700,293,62,92
154,"vendor","WARE PET PRODUCTS",700,384,124,122
155,"vendor","PETSAFE / KURGO",700,573,62,195
156,"vendor","MAMMOTH PET PRODUCTS",700,768,62,86
157,"vendor","MIDWESTERN",700,853,124,124
158,"vendor","THE WILD BONE COMPANY",762,792,62,62
159,"vendor","REPLENISH PET, INC",762,713,62,79
160,"vendor","ACORN PET PRODUCTS",762,633,62,80
161,"vendor","TEVRA BRANDS, LLC",762,573,62,60
162,"vendor","CHURCH & DWIGHT",762,324,62,61
163,"vendor","EMERALD PET PRODUCTS, INC",762,293,62,31
164,"vendor","LOVING PET CORPORATION",762,232,62,61
165,"vendor","VICTOR SUPER PREMIUM PET FOOD",762,141,62,91
167,"vendor","HIGGINS PREMIUM PET FOODS",884,446,124,60
168,"vendor","GLOBAL PET PRODUCTS",884,659,62,60
169,"vendor","PESTELL",884,719,62,61
170,"vendor","F M BROWN’S, INC",884,780,62,134
171,"vendor","JP AQUATICS",884,914,124,62
176,"vendor","INABA FOODS USA, INC",727,8,80,60
177,"vendor","JOLLY PETS",628,8,99,60
178,"vendor","DURVET, INC PET",484,8,81,60
179,"vendor","JONES NATURAL CHEWS",424,8,60,60
180,"vendor","COMPANA PET BRANDS",363,8,61,60
181,"vendor","TOMLYN PRODUCTS",300,8,63,60
182,"vendor","MARSHALL PET PRODUCTS",220,8,80,60
200,"vendor","PINE TREE FARMS, INC",1309,468,62,62
201,"vendor","GREENVIEW / LYRIC",1309,530,62,62
203,"vendor","WILDLIFE SCIENCES",1309,826,62,80
204,"vendor","UNIPET USA, LLC",1309,906,62,78
205,"vendor","WHITETAIL INSTITUTE OF NORTH AMERICA",1309,984,62,81
206,"vendor","D&D COMMODITIES LTD",1435,915,124,60
207,"vendor","RHINO SEED & LANDSCAPING",1435,853,62,62
208,"vendor","NORTH STATES INDUSTRIES",1435,791,62,62
209,"vendor","WILT-PRUF PRODUCTS, INC",1435,730,62,61
210,"vendor","DALEN PRODUCTS",1435,670,62,60
211,"vendor","WOODSTREAM CORPORATION",1435,486,62,184
212,"vendor","BROME BIRD CARE, INC",1497,486,62,122
213,"vendor","PRECISION FOODS, INC",1497,608,62,32
214,"vendor","P F HARRIS MFG",1497,640,62,62
215,"vendor","COAST OF MAINE",1497,702,62,60
216,"vendor","SHAFER SEED COMPANY",1497,762,62,59
217,"vendor","CENTURION GARDEN & OUTDOOR LIVING, INC",1497,821,62,32
218,"vendor","RAGAN & MASSEY, INC",1497,853,62,62
219,"vendor","NATURE’S MACE",1626,915,124,60
220,"vendor","C & S PRODUCTS COMPANY, INC",1626,798,62,117
221,"vendor","NATURE’S WAY BIRD PRODUCTS",1626,701,62,97
222,"vendor","DEWITT / TYPAR",1626,639,62,62
223,"vendor","CURTIS WAGNER PLASTICS CORP",1626,559,62,80
224,"vendor","THE SIMPLAY3 COMPANY",1626,486,62,73
225,"vendor","MICHIGAN PEAT LANDSCAPING, INC",1688,486,62,31
226,"vendor","DUKE COMPANY",1688,517,62,31
227,"vendor","ROTO SALT, INC",1688,548,62,30
228,"vendor","MILLSIDE INDUSTRIES",1688,578,62,32
229,"vendor","SCENIC ROAD MFG",1688,610,62,120
230,"vendor","HARVEST LANE HONEY",1688,730,62,62
231,"vendor","SURECAN, INC",1688,792,62,61
232,"vendor","AMERICAN WOOD FIBERS",1688,853,62,62
233,"vendor","RADIANS",1810,915,124,60
234,"vendor","ESPOMA COMPANY",1810,853,62,62
235,"vendor","CONTROL SOLUTIONS, INC",1810,791,62,62
236,"vendor","SEPRO",1810,731,62,60
237,"vendor","KINCO GLOVES",1810,701,62,30
238,"vendor","LAWN & GARDEN, LLC",1810,669,62,32
239,"vendor","FISKARS, INC",1810,608,62,61
240,"vendor","BONIDE PRODUCTS, INC",1810,486,62,122
241,"vendor","PEARL VALLEY FARMS, INC",1872,486,62,32
242,"vendor","WESTCHESTER PROTECTIVE GEAR",1872,518,62,78
243,"vendor","ORBIT IRRIGATION (BOND)",1872,596,62,118
244,"vendor","THE AMES COMPANY",1872,714,62,201
245,"vendor","ORIGIN POINT BRANDS",2000,915,124,60
246,"vendor","ESSCHERT DESIGN USA",2000,823,62,92
247,"vendor","EPIC",2000,761,62,62
248,"vendor","CORONA TOOLS",2000,730,62,31
249,"vendor","TINGLEY RUBBER CORPORATION",2000,669,62,61
250,"vendor","FARMER’S GOLD ORGANIC PLANT FOOD, LLC",2000,608,62,61
251,"vendor","ST GABRIEL ORGANICS",2000,548,62,60
252,"vendor","GHP GROUP",2000,486,62,62
253,"vendor","FORTEX INDUSTRIES, INC",2062,486,62,62
254,"vendor","LUCKY BUCK",2062,548,62,61
255,"vendor","NEW COUNTRY ORGANICS",2062,609,62,61
256,"vendor","FINISH LINE",2062,670,62,61
257,"vendor","DATAMARS",2062,731,62,61
258,"vendor","RAMARD, INC",2062,792,62,60
259,"vendor","TROPHY ROCK",2062,852,62,63
260,"vendor","TUFF STUFF PRODUCTS, INC",2184,915,124,60
261,"vendor","HAMBURG, NEXSTEP COMMERCIAL PRODUCTS",2184,853,62,62
262,"vendor","PARKER MCCRORY MFG",2184,822,62,31
263,"vendor","WARP BROTHERS",2184,791,62,31
264,"vendor","BEHLEN MFG CO",2184,670,62,121
265,"vendor","STANDLEE PREMIUM WESTERN FORAGE",2184,609,62,61
266,"vendor","ANDIS COMPANY",2184,547,62,62
267,"vendor","DBC AGRICULTURAL PRODUCTS",2184,486,62,61
268,"vendor","VIVOTEIN, LLC",2246,486,62,32
269,"vendor","CAREFREE ENZYMES",2246,518,62,30
270,"vendor","DESERT EQUESTRIAN, INC",2246,548,62,31
271,"vendor","BANIXX HORSE & PET CARE",2246,579,62,30
272,"vendor","SWEET PDZ",2246,609,62,30
273,"vendor","CHICKENGUARD",2246,639,62,31
274,"vendor","LUCERNE FARMS",2246,670,62,61
275,"vendor","EQYSS GROOMING PRODUCTS",2246,731,62,62
276,"vendor","NEWPORT BLACKSMITH SHOP",2246,793,62,60
277,"vendor","ANIMAL SUPPLIES INTERNATIONAL",2246,853,62,62
278,"vendor","FARNAM EQUINE",2374,915,124,60
279,"vendor","W F YOUNG",2374,834,62,81
280,"vendor","PYRANHA INCORPORATED",2374,755,62,79
281,"vendor","KENT NUTRITION GROUP",2374,694,62,61
282,"vendor","STARBAR",2374,615,62,79
283,"vendor","LIKIT",2374,584,62,31
284,"vendor","JDJ SOLUTIONS",2374,554,62,30
285,"vendor","MILLER / ALLIED",2374,486,62,68
286,"vendor","INNOVACYN, INC (VETERICYN)",2436,486,62,68
287,"vendor","ANIMED",2436,554,62,61
288,"vendor","STRAIGHT ARROW PRODUCTS",2436,615,62,79
289,"vendor","RICHDEL, INC",2436,694,62,61
290,"vendor","PERDUE AGRIBUSINESS",2436,755,62,80
291,"vendor","HAPPY HEN TREATS",2436,835,62,80
292,"vendor","DURVET, INC EQUINE",2553,819,63,247
293,"vendor","3M",2553,705,63,61
294,"vendor","MERCK",2553,644,63,61
295,"vendor","NEOGEN CORPORATION",2558,536,58,61
296,"vendor","OMEGA FIELDS",2558,475,58,61
297,"vendor","ELITE PHARMACEUTICAL, INC",2558,414,58,61
298,"vendor","COMPANA PET BRANDS",2497,356,119,58
299,"vendor","MOTOMCO LTD",2356,356,76,58
301,"vendor","EQUUS MAGNIFICUS, INC",2280,356,76,58
302,"vendor","DARE PRODUCTS, INC",2218,356,62,58
303,"vendor","PROGRESSIVE PLANET PRODUCTS, INC",2155,356,63,58
304,"vendor","HENSSGEN HARDWARE CORP",2072,356,37,58
305,"vendor","ORALX CORPORATION",2035,356,37,58
306,"vendor","GATSBY LEATHER COMPANY",1949,356,86,58
307,"vendor","TARTER FARM & RANCH",1887,356,62,58
308,"vendor","KENTUCKY PERFORMANCE PRODUCTS",1825,356,62,58
309,"vendor","PANACEA PRODUCTS",1651,356,129,58
310,"vendor","AUDUBON",1496,356,155,58
166,"admin","Clearance",884,226,62,220
172,"admin","New Items",946,573,62,341
174,"admin","Kilimanjaro Kiosk",946,287,62,159
175,"admin","Profit Center Redemption",807,8,252,60
202,"admin","Kalahari Kiosk",1309,639,62,127
0,"activity","Kalahari / Kilimanjaro Room Split",1170,0,30,1132
